Campaign,Ad Group,Keyword,Match Type,Status
Kozbeyli | Marka | Search,Marka,kozbeyli konağı,Phrase,Paused
Kozbeyli | Marka | Search,Marka,kozbeyli konağı,Exact,Paused
Kozbeyli | Marka | Search,Marka,kozbeyli konagi,Phrase,Paused
Kozbeyli | Marka | Search,Marka,kozbeyli konagi,Exact,Paused
Kozbeyli | Marka | Search,Marka,kozbeyli konağı otel,Phrase,Paused
Kozbeyli | Marka | Search,Marka,kozbeyli konağı otel,Exact,Paused
Kozbeyli | Marka | Search,Marka,kozbeyli konağı foça,Phrase,Paused
Kozbeyli | Marka | Search,Marka,kozbeyli konağı foça,Exact,Paused
Kozbeyli | Marka | Search,Marka,kozbeyli konağı rezervasyon,Phrase,Paused
Kozbeyli | Marka | Search,Marka,kozbeyli konağı rezervasyon,Exact,Paused
Kozbeyli | Marka | Search,Marka,kozbeyli konağı fiyat,Phrase,Paused
Kozbeyli | Marka | Search,Marka,kozbeyli konağı fiyat,Exact,Paused
Kozbeyli | Marka | Search,Marka,kozbeyli konağı izmir,Phrase,Paused
Kozbeyli | Marka | Search,Marka,kozbeyli konağı izmir,Exact,Paused
Kozbeyli | Marka | Search,Marka,kozbeyli butik otel,Phrase,Paused
Kozbeyli | Marka | Search,Marka,kozbeyli butik otel,Exact,Paused
Kozbeyli | Marka | Search,Marka,kozbeyli konağı yorum,Phrase,Paused
Kozbeyli | Marka | Search,Marka,kozbeyli konağı yorum,Exact,Paused
Kozbeyli | Marka | Search,Marka,kozbeyli otel,Phrase,Paused
Kozbeyli | Marka | Search,Marka,kozbeyli otel,Exact,Paused
Kozbeyli | Marka | Search,Marka,foça kozbeyli konağı,Phrase,Paused
Kozbeyli | Marka | Search,Marka,foça kozbeyli konağı,Exact,Paused
Kozbeyli | NonBrand | Search,NonBrand-Foca-Butik,foça butik otel,Phrase,Paused
Kozbeyli | NonBrand | Search,NonBrand-Foca-Butik,foça butik otel,Exact,Paused
Kozbeyli | NonBrand | Search,NonBrand-Foca-Butik,foça taş ev otel,Phrase,Paused
Kozbeyli | NonBrand | Search,NonBrand-Foca-Butik,foça taş ev otel,Exact,Paused
Kozbeyli | NonBrand | Search,NonBrand-Foca-Butik,foça konak otel,Phrase,Paused
Kozbeyli | NonBrand | Search,NonBrand-Foca-Butik,foça konak otel,Exact,Paused
Kozbeyli | NonBrand | Search,NonBrand-Foca-Butik,eski foça butik otel,Phrase,Paused
Kozbeyli | NonBrand | Search,NonBrand-Foca-Butik,eski foça butik otel,Exact,Paused
Kozbeyli | NonBrand | Search,NonBrand-Foca-Butik,foça köy oteli,Phrase,Paused
Kozbeyli | NonBrand | Search,NonBrand-Foca-Butik,foça köy oteli,Exact,Paused
Kozbeyli | NonBrand | Search,NonBrand-Foca-Butik,foça otantik otel,Phrase,Paused
Kozbeyli | NonBrand | Search,NonBrand-Foca-Butik,foça otantik otel,Exact,Paused
Kozbeyli | NonBrand | Search,NonBrand-Foca-Butik,kozbeyli köyü otel,Phrase,Paused
Kozbeyli | NonBrand | Search,NonBrand-Foca-Butik,kozbeyli köyü otel,Exact,Paused
Kozbeyli | NonBrand | Search,NonBrand-Foca-Butik,kozbeyli konaklama,Phrase,Paused
Kozbeyli | NonBrand | Search,NonBrand-Foca-Butik,kozbeyli konaklama,Exact,Paused
Kozbeyli | NonBrand | Search,NonBrand-Foca-Butik,eski foça otel,Phrase,Paused
Kozbeyli | NonBrand | Search,NonBrand-Foca-Butik,eski foça otel,Exact,Paused
Kozbeyli | NonBrand | Search,NonBrand-Foca-Butik,foça kozbeyli,Phrase,Paused
Kozbeyli | NonBrand | Search,NonBrand-Foca-Butik,foça kozbeyli,Exact,Paused
Kozbeyli | NonBrand | Search,NonBrand-Foca-Butik,foça antik otel,Phrase,Paused
Kozbeyli | NonBrand | Search,NonBrand-Foca-Butik,foça antik otel,Exact,Paused
Kozbeyli | NonBrand | Search,NonBrand-Foca-Butik,eski foça konak otel,Phrase,Paused
Kozbeyli | NonBrand | Search,NonBrand-Foca-Butik,eski foça konak otel,Exact,Paused
Kozbeyli | NonBrand | Search,NonBrand-Foca-Butik,yeni foça butik otel,Phrase,Paused
Kozbeyli | NonBrand | Search,NonBrand-Foca-Butik,yeni foça butik otel,Exact,Paused
Kozbeyli | NonBrand | Search,NonBrand-Foca-Butik,yeni foça köy oteli,Phrase,Paused
Kozbeyli | NonBrand | Search,NonBrand-Foca-Butik,yeni foça köy oteli,Exact,Paused
Kozbeyli | NonBrand | Search,NonBrand-Foca-Butik,yeni foça taş otel,Phrase,Paused
Kozbeyli | NonBrand | Search,NonBrand-Foca-Butik,yeni foça taş otel,Exact,Paused
Kozbeyli | NonBrand | Search,NonBrand-Foca-Butik,kozbeyli foça,Phrase,Paused
Kozbeyli | NonBrand | Search,NonBrand-Foca-Butik,kozbeyli foça,Exact,Paused
Kozbeyli | NonBrand | Search,NonBrand-Foca-Genel,foça otel,Phrase,Paused
Kozbeyli | NonBrand | Search,NonBrand-Foca-Genel,foça otelleri,Phrase,Paused
Kozbeyli | NonBrand | Search,NonBrand-Foca-Genel,foça konaklama,Phrase,Paused
Kozbeyli | NonBrand | Search,NonBrand-Foca-Genel,foça deniz manzaralı otel,Phrase,Paused
Kozbeyli | NonBrand | Search,NonBrand-Foca-Genel,foça balayı oteli,Phrase,Paused
Kozbeyli | NonBrand | Search,NonBrand-Foca-Genel,foça evcil hayvan kabul eden otel,Phrase,Paused
Kozbeyli | NonBrand | Search,NonBrand-Foca-Genel,foça hafta sonu kaçamağı otel,Phrase,Paused
Kozbeyli | NonBrand | Search,NonBrand-Foca-Genel,otel foça,Phrase,Paused
Kozbeyli | NonBrand | Search,NonBrand-Foca-Genel,eski foça otelleri,Phrase,Paused
Kozbeyli | NonBrand | Search,NonBrand-Foca-Genel,yeni foça otelleri,Phrase,Paused
Kozbeyli | NonBrand | Search,NonBrand-Foca-Genel,foça merkez otel,Phrase,Paused
Kozbeyli | NonBrand | Search,NonBrand-Foca-Genel,yeni foça otel,Phrase,Paused
Kozbeyli | NonBrand | Search,NonBrand-Foca-Genel,yeni foça konaklama,Phrase,Paused
Kozbeyli | NonBrand | Search,NonBrand-Foca-Genel,yeni foça deniz manzaralı otel,Phrase,Paused
Kozbeyli | NonBrand | Search,NonBrand-Niche,izmir taş konak otel,Phrase,Paused
Kozbeyli | NonBrand | Search,NonBrand-Niche,izmir butik köy oteli,Phrase,Paused
Kozbeyli | NonBrand | Search,NonBrand-Niche,ege köy kahvaltısı konaklama,Phrase,Paused
Kozbeyli | NonBrand | Search,NonBrand-Niche,foça doğa tatili otel,Phrase,Paused
Kozbeyli | NonBrand | Search,NonBrand-Niche,izmir sakin kaçış oteli,Phrase,Paused
Kozbeyli | Test | Search,NonBrand-Foca-Genel,foça otel,Phrase,Paused
Kozbeyli | Test | Search,NonBrand-Foca-Genel,foça otelleri,Phrase,Paused
Kozbeyli | Test | Search,NonBrand-Foca-Genel,foça konaklama,Phrase,Paused
Kozbeyli | Test | Search,NonBrand-Foca-Genel,foça deniz manzaralı otel,Phrase,Paused
Kozbeyli | Test | Search,NonBrand-Foca-Genel,foça balayı oteli,Phrase,Paused
Kozbeyli | Test | Search,NonBrand-Foca-Genel,foça evcil hayvan kabul eden otel,Phrase,Paused
Kozbeyli | Test | Search,NonBrand-Foca-Genel,foça hafta sonu kaçamağı otel,Phrase,Paused
Kozbeyli | Test | Search,NonBrand-Foca-Genel,otel foça,Phrase,Paused
Kozbeyli | Test | Search,NonBrand-Foca-Genel,eski foça otelleri,Phrase,Paused
Kozbeyli | Test | Search,NonBrand-Foca-Genel,yeni foça otelleri,Phrase,Paused
Kozbeyli | Test | Search,NonBrand-Foca-Genel,foça merkez otel,Phrase,Paused
Kozbeyli | Test | Search,NonBrand-Foca-Genel,yeni foça otel,Phrase,Paused
Kozbeyli | Test | Search,NonBrand-Foca-Genel,yeni foça konaklama,Phrase,Paused
Kozbeyli | Test | Search,NonBrand-Foca-Genel,yeni foça deniz manzaralı otel,Phrase,Paused
